{
    "uMin": -1.461843117283378,
    "uMax": 1.9076026827040762,
    "vMin": -1.5373967404673596,
    "vMax": 1.7141935298760405,
    "shape": [
        649,
        1459
    ],
    "bounds": {
        "xmin": -64.74840398683924,
        "xmax": -64.73374196267778,
        "ymin": 17.77621879686222,
        "ymax": 17.783984953353503
    }
}