{
    "zMin": 0.91354545,
    "zMax": 182.398143,
    "shape": [
        649,
        1459
    ],
    "bounds": {
        "xmin": -64.74840398683924,
        "xmax": -64.73374196267778,
        "ymin": 17.77621879686222,
        "ymax": 17.783984953353503
    }
}